trayectos,ciclos_optimos
FASE 6 / BOT-NIEVE INF5-NORTE,ciclos_resultado_optimizacion
FASE 6 / BOT-NIEVE3535/N,ciclos_resultado_optimizacion
POINT-3505-346 / PRIMARY-PLANT,ciclos_resultado_optimizacion
POINT-3505-346 / PRIMARY-PLANT-DOS,ciclos_resultado_optimizacion
POINT-3505-346 / STD-DON-AL,ciclos_resultado_optimizacion
POINT-3505-346 / STD-DON-AL46,ciclos_resultado_optimizacion
POINT-3505-347 / PRIMARY-PLANT,ciclos_resultado_optimizacion
POINT-3505-347 / PRIMARY-PLANT-DOS,ciclos_resultado_optimizacion
POINT-3505-347 / STD-DON-ML,ciclos_resultado_optimizacion
POINT-3505-347 / STD-DON-AL,ciclos_resultado_optimizacion
POINT-3505-347 / STD-DON-AL46,ciclos_resultado_optimizacion
POINT-3505-348 / PRIMARY-PLANT,ciclos_resultado_optimizacion
POINT-3505-348 / PRIMARY-PLANT-DOS,ciclos_resultado_optimizacion
POINT-3505-348 / STD-DON-ML,ciclos_resultado_optimizacion
POINT-3505-348 / STD-DON-AL,ciclos_resultado_optimizacion
POINT-3505-349 / PRIMARY-PLANT,ciclos_resultado_optimizacion
POINT-3505-349 / PRIMARY-PLANT-DOS,ciclos_resultado_optimizacion
POINT-3505-349 / STD-DON-ML,ciclos_resultado_optimizacion
POINT-3505-349 / STD-DON-AL,ciclos_resultado_optimizacion
POINT-3505-350 / PRIMARY-PLANT-DOS,ciclos_resultado_optimizacion
POINT-3505-350 / STD-DON-ML,ciclos_resultado_optimizacion
POINT-3505-999 / PRIMARY-PLANT,ciclos_resultado_optimizacion
POINT-3505-999 / PRIMARY-PLANT-DOS,ciclos_resultado_optimizacion
POINT-3505-999 / STD-DON-ML,ciclos_resultado_optimizacion
POINT-3505-999 / STD-DON-AL,ciclos_resultado_optimizacion
POINT-3520-350 / PRIMARY-PLANT,ciclos_resultado_optimizacion
POINT-3520-350 / STD-DON-AL,ciclos_resultado_optimizacion
POINT-3520-456 / BOT-INF5-RAMPA-3520 LIX,ciclos_resultado_optimizacion
POINT-3520-456 / BOT-PLANTA ARIDOS ICV,ciclos_resultado_optimizacion
POINT-3520-461 / PRIMARY-PLANT,ciclos_resultado_optimizacion
POINT-3520-461 / PRIMARY-PLANT-DOS,ciclos_resultado_optimizacion
POINT-3520-461 / STD-DON-ML,ciclos_resultado_optimizacion
POINT-3520-464 / BOT-3505-LIX,ciclos_resultado_optimizacion
POINT-3520-464 / PRIMARY-PLANT,ciclos_resultado_optimizacion
POINT-3520-464 / PRIMARY-PLANT-DOS,ciclos_resultado_optimizacion
POINT-3520-464 / STD-DON-ML,ciclos_resultado_optimizacion
POINT-3520-488 / BOT-3505-LIX,ciclos_resultado_optimizacion
POINT-3520-488 / BOT-PLANTA ARIDOS ICV,ciclos_resultado_optimizacion
POINT-3520-488 / PRIMARY-PLANT,ciclos_resultado_optimizacion
POINT-3520-488 / PRIMARY-PLANT-DOS,ciclos_resultado_optimizacion
POINT-3520-488 / STD-DON-ML,ciclos_resultado_optimizacion
POINT-3520-488 / STD-DON-AL,ciclos_resultado_optimizacion
POINT-3520-489 / BOT-3505-LIX,ciclos_resultado_optimizacion
POINT-3520-489 / BOT-INF5-RAMPA-3520 LIX,ciclos_resultado_optimizacion
POINT-3520-489 / PRIMARY-PLANT-DOS,ciclos_resultado_optimizacion
POINT-3520-492 / PRIMARY-PLANT-DOS,ciclos_resultado_optimizacion
POINT-3520-492 / STD-ALTO-ARSENICO,ciclos_resultado_optimizacion
POINT-3520-492 / STD-DON-AL,ciclos_resultado_optimizacion
POINT-3520-493 / BOT-3505-LIX,ciclos_resultado_optimizacion
POINT-3520-493 / PRIMARY-PLANT,ciclos_resultado_optimizacion
POINT-3520-493 / PRIMARY-PLANT-DOS,ciclos_resultado_optimizacion
POINT-3520-493 / STD-DON-AL,ciclos_resultado_optimizacion
POINT-3520-493 / STD-DON-AL46,ciclos_resultado_optimizacion
POINT-3520-506 / BOT-3505-LIX,ciclos_resultado_optimizacion
POINT-3520-506 / BOT-PLANTA ARIDOS ICV,ciclos_resultado_optimizacion
POINT-3520-506 / BOT-RAMPA3535/LIX,ciclos_resultado_optimizacion
POINT-3520-506 / PRIMARY-PLANT,ciclos_resultado_optimizacion
POINT-3520-506 / PRIMARY-PLANT-DOS,ciclos_resultado_optimizacion
POINT-3520-506 / STD-DON-ML,ciclos_resultado_optimizacion
POINT-3520-506 / STD-DON-AL,ciclos_resultado_optimizacion
POINT-3520-507 / BOT-3505-LIX,ciclos_resultado_optimizacion
POINT-3520-507 / BOT-INF5-RAMPA-3520 LIX,ciclos_resultado_optimizacion
POINT-3520-507 / BOT-NIEVE INF5-NORTE,ciclos_resultado_optimizacion
POINT-3520-507 / BOT-PLANTA ARIDOS ICV,ciclos_resultado_optimizacion
POINT-3520-507 / PRIMARY-PLANT,ciclos_resultado_optimizacion
POINT-3520-507 / PRIMARY-PLANT-DOS,ciclos_resultado_optimizacion
POINT-3520-507 / STD-DON-ML,ciclos_resultado_optimizacion
POINT-3520-507 / STD-DON-AL,ciclos_resultado_optimizacion
POINT-3520-991 / BOT-3505-LIX,ciclos_resultado_optimizacion
POINT-3520-991 / BOT-NIEVE3535/N,ciclos_resultado_optimizacion
POINT-3520-991 / BOT-PLANTA ARIDOS ICV,ciclos_resultado_optimizacion
POINT-3520-993 / PRIMARY-PLANT,ciclos_resultado_optimizacion
POINT-3520-993 / PRIMARY-PLANT-DOS,ciclos_resultado_optimizacion
POINT-3520-993 / STD-DON-ML,ciclos_resultado_optimizacion
POINT-3520-993 / STD-DON-AL,ciclos_resultado_optimizacion
POINT-3520-994 / BOT-3505-LIX,ciclos_resultado_optimizacion
POINT-3520-994 / BOT-INF5-RAMPA-3520 LIX,ciclos_resultado_optimizacion
POINT-3520-994 / BOT-PLANTA ARIDOS ICV,ciclos_resultado_optimizacion
POINT-3520-996 / BOT-3505-LIX,ciclos_resultado_optimizacion
NDO-MAS MIL 03 / BOT-NIEVE3535/N,ciclos_resultado_optimizacion
NIEVE-MORRENA / BOT-NIEVE INF5-NORTE,ciclos_resultado_optimizacion
NIEVE-MORRENA / BOT-NIEVE3535/N,ciclos_resultado_optimizacion
ANGAR-3600-NIEVE / BOT-NIEVE 3600,ciclos_resultado_optimizacion
ANGAR-3600-NIEVE / BOT-NIEVE INF5-NORTE,ciclos_resultado_optimizacion
ANGAR-3600-NIEVE / BOT-NIEVE3535/N,ciclos_resultado_optimizacion
ANGAR-CHOQ-SFCO-AL / PRIMARY-PLANT,ciclos_resultado_optimizacion
ANGAR-CHOQ-SFCO-AL / PRIMARY-PLANT-DOS,ciclos_resultado_optimizacion
ANGAR-CHOQ-SFCO-AL / STD-DON-ML,ciclos_resultado_optimizacion
ANGAR-CHOQ-SFCO-AL / STD-3580-MLEY,ciclos_resultado_optimizacion
ANGAR-CHOQ-SFCO-AL / STD-DON-AL,ciclos_resultado_optimizacion
ANGAR-DON-AL48 / PRIMARY-PLANT,ciclos_resultado_optimizacion
ANGAR-DON-AL48 / PRIMARY-PLANT-DOS,ciclos_resultado_optimizacion
ANGAR-DON-AL48 / STD-DON-AL,ciclos_resultado_optimizacion
ANGAR-DON-AL49 / PRIMARY-PLANT,ciclos_resultado_optimizacion
ANGAR-DON-AL49 / PRIMARY-PLANT-DOS,ciclos_resultado_optimizacion
ANGAR-DON-ML03 / PRIMARY-PLANT,ciclos_resultado_optimizacion
ANGAR-DON-ML03 / PRIMARY-PLANT-DOS,ciclos_resultado_optimizacion
ANGAR-DON-ML03 / STD-DON-AL,ciclos_resultado_optimizacion
ANGAR-DON-NIEVE / BOT-NIEVE3535/N,ciclos_resultado_optimizacion
ANGAR-NIEVE-BGAR / BOT-NIEVE3535/N,ciclos_resultado_optimizacion
ANGAR-NIEVE-BGAR / ANGAR-3600-NIEVE,ciclos_resultado_optimizacion
ANGAR-NIEVE-BGAR / ANGAR-NIEVE-BGAR,ciclos_resultado_optimizacion
ANGAR-AZ2 / BOT INF05 CURVA 1,ciclos_resultado_optimizacion
ANGAR-AZ2 / BOT-GRAVA-CAMINOS,ciclos_resultado_optimizacion
ANGAR-AZ2 / BOT-INF5-RAMPA-3520 LIX,ciclos_resultado_optimizacion
ANGAR-AZ2 / BOT-RAMPA3535/LIX,ciclos_resultado_optimizacion
ANGAR-AZ2 / ANGAR-AZ2,ciclos_resultado_optimizacion
STC3600/3595 / BOT-3505-LIX,ciclos_resultado_optimizacion
STC3600/3595 / BOT-PLANTA ARIDOS ICV,ciclos_resultado_optimizacion
STC3600/3595 / PRIMARY-PLANT,ciclos_resultado_optimizacion
STC3600/3595 / PRIMARY-PLANT-DOS,ciclos_resultado_optimizacion
STC3600/3595 / STD-DON-ML,ciclos_resultado_optimizacion
STC3600/3595 / STD-DON-AL,ciclos_resultado_optimizacion
STC3600/3610M4 / PRIMARY-PLANT,ciclos_resultado_optimizacion
STC3600/3610M4 / PRIMARY-PLANT-DOS,ciclos_resultado_optimizacion
STCSFCO-3580 / PRIMARY-PLANT,ciclos_resultado_optimizacion
STCSFCO-3580 / PRIMARY-PLANT-DOS,ciclos_resultado_optimizacion
STCSFCO-3580 / STD-DON-AL,ciclos_resultado_optimizacion
